2026-08-19 13:57:59,slakshna1p66dwzmdpkzz97u02tgtwgvazhxk7hwyjq9qwu,1,1,0.8750,2.3989
timestamp,node_id,epoch,step,loss,perplexity
2026-08-19 13:58:17,slakshna1z3rzwvnku5a279vqgjpqxt5kz7m38j7p52edvw,1,1,0.8750,2.3989
2026-08-19 13:58:36,slakshna1p66dwzmdpkzz97u02tgtwgvazhxk7hwyjq9qwu,1,2,0.9648,2.6243
2026-08-19 13:59:16,slakshna1z3rzwvnku5a279vqgjpqxt5kz7m38j7p52edvw,1,2,0.9648,2.6243
2026-08-19 13:59:16,slakshna1p66dwzmdpkzz97u02tgtwgvazhxk7hwyjq9qwu,1,3,0.8125,2.2535
2026-08-19 13:59:56,slakshna1p66dwzmdpkzz97u02tgtwgvazhxk7hwyjq9qwu,1,4,0.9375,2.5536
2026-08-19 14:00:14,slakshna1z3rzwvnku5a279vqgjpqxt5kz7m38j7p52edvw,1,3,0.8125,2.2535
2026-08-19 14:00:37,slakshna1p66dwzmdpkzz97u02tgtwgvazhxk7hwyjq9qwu,1,5,0.8906,2.4366
2026-08-19 14:01:12,slakshna1z3rzwvnku5a279vqgjpqxt5kz7m38j7p52edvw,1,4,0.9375,2.5536
2026-08-19 14:02:11,slakshna1z3rzwvnku5a279vqgjpqxt5kz7m38j7p52edvw,1,5,0.8906,2.4366
2026-08-19 14:11:32,slakshna1p66dwzmdpkzz97u02tgtwgvazhxk7hwyjq9qwu,2,1,0.8711,2.3895
2026-08-19 14:11:57,slakshna1z3rzwvnku5a279vqgjpqxt5kz7m38j7p52edvw,2,1,0.8711,2.3895
2026-08-19 14:12:09,slakshna1p66dwzmdpkzz97u02tgtwgvazhxk7hwyjq9qwu,2,2,0.9609,2.6140
2026-08-19 14:12:49,slakshna1p66dwzmdpkzz97u02tgtwgvazhxk7hwyjq9qwu,2,3,0.8086,2.2448
2026-08-19 14:12:56,slakshna1z3rzwvnku5a279vqgjpqxt5kz7m38j7p52edvw,2,2,0.9609,2.6140
2026-08-19 14:13:29,slakshna1p66dwzmdpkzz97u02tgtwgvazhxk7hwyjq9qwu,2,4,0.9297,2.5337
2026-08-19 14:13:55,slakshna1z3rzwvnku5a279vqgjpqxt5kz7m38j7p52edvw,2,3,0.8086,2.2448
2026-08-19 14:14:10,slakshna1p66dwzmdpkzz97u02tgtwgvazhxk7hwyjq9qwu,2,5,0.8906,2.4366
2026-08-19 14:14:54,slakshna1z3rzwvnku5a279vqgjpqxt5kz7m38j7p52edvw,2,4,0.9297,2.5337
2026-08-19 14:15:53,slakshna1z3rzwvnku5a279vqgjpqxt5kz7m38j7p52edvw,2,5,0.8906,2.4366
