timestamp,node_id,loss,perplexity
2026-07-28 05:51:08,iiitd11j3rru7wj576h92w37mpmjgtrc9y2vdyt3wkv6f,2.2395,9.388636
2026-07-28 05:51:12,iiitd11j3rru7wj576h92w37mpmjgtrc9y2vdyt3wkv6f,15,0.0,0.0,90.0
2026-07-28 06:01:10,iiitd11j3rru7wj576h92w37mpmjgtrc9y2vdyt3wkv6f,2.2395,9.388636
2026-07-28 06:01:13,iiitd11j3rru7wj576h92w37mpmjgtrc9y2vdyt3wkv6f,16,0.0,0.0,90.0
2026-07-28 06:21:09,iiitd11j3rru7wj576h92w37mpmjgtrc9y2vdyt3wkv6f,2.2395,9.388636
2026-07-28 06:21:12,iiitd11j3rru7wj576h92w37mpmjgtrc9y2vdyt3wkv6f,17,0.0,0.0,90.0
2026-07-28 06:23:24,iiitd11cu0naudpdufaklwyhxpxuxstmzng5qsr8pwete,2.2153,9.164158
2026-07-28 06:23:28,iiitd11cu0naudpdufaklwyhxpxuxstmzng5qsr8pwete,1,0.0,0.0,90.0
2026-07-28 06:31:12,iiitd11cu0naudpdufaklwyhxpxuxstmzng5qsr8pwete,2.2392,9.38582
2026-07-28 06:31:15,iiitd11j3rru7wj576h92w37mpmjgtrc9y2vdyt3wkv6f,2.2392,9.38582
2026-07-28 06:31:15,iiitd11cu0naudpdufaklwyhxpxuxstmzng5qsr8pwete,2,0.0,0.0,90.0
2026-07-28 06:31:18,iiitd11j3rru7wj576h92w37mpmjgtrc9y2vdyt3wkv6f,18,0.0,0.0,90.0
2026-07-28 06:41:11,iiitd11cu0naudpdufaklwyhxpxuxstmzng5qsr8pwete,2.2391,9.384881
2026-07-28 06:41:15,iiitd11cu0naudpdufaklwyhxpxuxstmzng5qsr8pwete,3,0.0,0.0,90.0
2026-07-28 06:41:15,iiitd11j3rru7wj576h92w37mpmjgtrc9y2vdyt3wkv6f,2.2391,9.384881
2026-07-28 06:41:18,iiitd11j3rru7wj576h92w37mpmjgtrc9y2vdyt3wkv6f,19,0.0,0.0,90.0
2026-07-28 06:51:09,iiitd11cu0naudpdufaklwyhxpxuxstmzng5qsr8pwete,2.2394,9.387697
2026-07-28 06:51:12,iiitd11cu0naudpdufaklwyhxpxuxstmzng5qsr8pwete,4,0.0,0.0,90.0
2026-07-28 06:51:15,iiitd11j3rru7wj576h92w37mpmjgtrc9y2vdyt3wkv6f,2.2394,9.387697
2026-07-28 06:51:18,iiitd11j3rru7wj576h92w37mpmjgtrc9y2vdyt3wkv6f,20,0.0,0.0,90.0
2026-07-28 07:01:13,iiitd11cu0naudpdufaklwyhxpxuxstmzng5qsr8pwete,2.2396,9.389575
2026-07-28 07:01:15,iiitd11j3rru7wj576h92w37mpmjgtrc9y2vdyt3wkv6f,2.2396,9.389575
2026-07-28 07:01:16,iiitd11cu0naudpdufaklwyhxpxuxstmzng5qsr8pwete,5,0.0,0.0,90.0
2026-07-28 07:01:18,iiitd11j3rru7wj576h92w37mpmjgtrc9y2vdyt3wkv6f,21,0.0,0.0,90.0
2026-07-28 08:51:16,iiitd11cu0naudpdufaklwyhxpxuxstmzng5qsr8pwete,2.65,14.154039
2026-07-28 08:51:19,iiitd11cu0naudpdufaklwyhxpxuxstmzng5qsr8pwete,6,0.0,0.0,90.0
2026-07-28 09:01:16,iiitd11cu0naudpdufaklwyhxpxuxstmzng5qsr8pwete,2.6493,14.144134
2026-07-28 09:01:19,iiitd11cu0naudpdufaklwyhxpxuxstmzng5qsr8pwete,7,0.0,0.0,90.0
2026-07-28 09:11:17,iiitd11cu0naudpdufaklwyhxpxuxstmzng5qsr8pwete,8,0.0,0.0,90.0
2026-07-28 09:11:29,iiitd11j3rru7wj576h92w37mpmjgtrc9y2vdyt3wkv6f,22,0.0,0.0,90.0
2026-07-28 09:21:16,iiitd11cu0naudpdufaklwyhxpxuxstmzng5qsr8pwete,9,0.0,0.0,90.0
2026-07-28 09:21:25,iiitd11j3rru7wj576h92w37mpmjgtrc9y2vdyt3wkv6f,23,0.0,0.0,90.0
2026-07-28 09:31:17,iiitd11cu0naudpdufaklwyhxpxuxstmzng5qsr8pwete,10,0.0,0.0,90.0
2026-07-28 09:31:27,iiitd11j3rru7wj576h92w37mpmjgtrc9y2vdyt3wkv6f,24,0.0,0.0,90.0
2026-07-28 09:41:14,iiitd11cu0naudpdufaklwyhxpxuxstmzng5qsr8pwete,11,0.0,0.0,90.0
2026-07-28 09:41:22,iiitd11j3rru7wj576h92w37mpmjgtrc9y2vdyt3wkv6f,25,0.0,0.0,90.0
2026-07-28 09:51:14,iiitd11cu0naudpdufaklwyhxpxuxstmzng5qsr8pwete,12,0.0,0.0,90.0
2026-07-28 09:51:22,iiitd11j3rru7wj576h92w37mpmjgtrc9y2vdyt3wkv6f,26,0.0,0.0,90.0
2026-07-28 10:01:14,iiitd11cu0naudpdufaklwyhxpxuxstmzng5qsr8pwete,13,0.0,0.0,90.0
2026-07-28 10:01:22,iiitd11j3rru7wj576h92w37mpmjgtrc9y2vdyt3wkv6f,27,0.0,0.0,90.0
2026-07-28 10:11:14,iiitd11cu0naudpdufaklwyhxpxuxstmzng5qsr8pwete,14,0.0,0.0,90.0
2026-07-28 10:11:21,iiitd11j3rru7wj576h92w37mpmjgtrc9y2vdyt3wkv6f,28,0.0,0.0,90.0
2026-07-28 10:21:15,iiitd11cu0naudpdufaklwyhxpxuxstmzng5qsr8pwete,15,0.0,0.0,90.0
2026-07-28 10:21:23,iiitd11j3rru7wj576h92w37mpmjgtrc9y2vdyt3wkv6f,29,0.0,0.0,90.0
2026-07-29 04:51:18,iiitd11j3rru7wj576h92w37mpmjgtrc9y2vdyt3wkv6f,30,0.0,0.0,90.0
2026-07-29 05:13:28,iiitd11h6g9v6lge43quyunap5xw4w73h3t9ukzwmj3yg,2.1403,8.501988
2026-07-29 05:13:32,iiitd11h6g9v6lge43quyunap5xw4w73h3t9ukzwmj3yg,1,0.0,0.0,90.0
2026-07-29 05:21:15,iiitd11h6g9v6lge43quyunap5xw4w73h3t9ukzwmj3yg,2.1324,8.435087
2026-07-29 05:21:18,iiitd11h6g9v6lge43quyunap5xw4w73h3t9ukzwmj3yg,2,0.0,0.0,90.0
2026-07-29 05:31:15,iiitd11h6g9v6lge43quyunap5xw4w73h3t9ukzwmj3yg,2.0858,8.05103
2026-07-29 05:31:18,iiitd11h6g9v6lge43quyunap5xw4w73h3t9ukzwmj3yg,3,0.0,0.0,90.0
2026-07-29 05:41:20,iiitd11h6g9v6lge43quyunap5xw4w73h3t9ukzwmj3yg,2.1,8.16617
2026-07-29 05:41:23,iiitd11h6g9v6lge43quyunap5xw4w73h3t9ukzwmj3yg,4,0.0,0.0,90.0
2026-07-29 05:51:15,iiitd11h6g9v6lge43quyunap5xw4w73h3t9ukzwmj3yg,2.0651,7.886086
2026-07-29 05:51:18,iiitd11h6g9v6lge43quyunap5xw4w73h3t9ukzwmj3yg,5,0.0,0.0,90.0
2026-07-29 06:01:16,iiitd11h6g9v6lge43quyunap5xw4w73h3t9ukzwmj3yg,2.0478,7.750831
2026-07-29 06:01:20,iiitd11h6g9v6lge43quyunap5xw4w73h3t9ukzwmj3yg,6,0.0,0.0,90.0
2026-07-29 06:11:15,iiitd11h6g9v6lge43quyunap5xw4w73h3t9ukzwmj3yg,1.9548,7.062506
2026-07-29 06:11:18,iiitd11h6g9v6lge43quyunap5xw4w73h3t9ukzwmj3yg,7,0.0,0.0,90.0
2026-07-29 06:21:17,iiitd11h6g9v6lge43quyunap5xw4w73h3t9ukzwmj3yg,2.0424,7.709089
2026-07-29 06:21:20,iiitd11h6g9v6lge43quyunap5xw4w73h3t9ukzwmj3yg,8,0.0,0.0,90.0
2026-07-29 06:31:15,iiitd11h6g9v6lge43quyunap5xw4w73h3t9ukzwmj3yg,2.0376,7.672174
2026-07-29 06:31:18,iiitd11h6g9v6lge43quyunap5xw4w73h3t9ukzwmj3yg,9,0.0,0.0,90.0
2026-07-29 06:41:17,iiitd11h6g9v6lge43quyunap5xw4w73h3t9ukzwmj3yg,2.0467,7.742309
2026-07-29 06:41:21,iiitd11h6g9v6lge43quyunap5xw4w73h3t9ukzwmj3yg,10,0.0,0.0,90.0
2026-07-29 06:51:15,iiitd11h6g9v6lge43quyunap5xw4w73h3t9ukzwmj3yg,2.0559,7.813867
2026-07-29 06:51:18,iiitd11h6g9v6lge43quyunap5xw4w73h3t9ukzwmj3yg,11,0.0,0.0,90.0
2026-07-29 07:01:15,iiitd11h6g9v6lge43quyunap5xw4w73h3t9ukzwmj3yg,2.1231,8.357004
2026-07-29 07:01:19,iiitd11h6g9v6lge43quyunap5xw4w73h3t9ukzwmj3yg,12,0.0,0.0,90.0
2026-07-29 07:11:14,iiitd11h6g9v6lge43quyunap5xw4w73h3t9ukzwmj3yg,2.1753,8.804826
2026-07-29 07:11:17,iiitd11h6g9v6lge43quyunap5xw4w73h3t9ukzwmj3yg,13,0.0,0.0,90.0
2026-07-29 07:21:15,iiitd11h6g9v6lge43quyunap5xw4w73h3t9ukzwmj3yg,1.9846,7.276136
2026-07-29 07:21:18,iiitd11h6g9v6lge43quyunap5xw4w73h3t9ukzwmj3yg,14,0.0,0.0,90.0
2026-07-29 07:31:17,iiitd11h6g9v6lge43quyunap5xw4w73h3t9ukzwmj3yg,1.9323,6.905374
2026-07-29 07:31:20,iiitd11h6g9v6lge43quyunap5xw4w73h3t9ukzwmj3yg,15,0.0,0.0,90.0
2026-07-29 07:41:14,iiitd11h6g9v6lge43quyunap5xw4w73h3t9ukzwmj3yg,1.9237,6.846243
2026-07-29 07:41:18,iiitd11h6g9v6lge43quyunap5xw4w73h3t9ukzwmj3yg,16,0.0,0.0,90.0
2026-07-29 08:01:18,iiitd11h6g9v6lge43quyunap5xw4w73h3t9ukzwmj3yg,1.9271,6.86956
2026-07-29 08:01:21,iiitd11h6g9v6lge43quyunap5xw4w73h3t9ukzwmj3yg,17,0.0,0.0,90.0
2026-07-29 08:11:16,iiitd11h6g9v6lge43quyunap5xw4w73h3t9ukzwmj3yg,1.9787,7.233334
2026-07-29 08:11:20,iiitd11h6g9v6lge43quyunap5xw4w73h3t9ukzwmj3yg,18,0.0,0.0,90.0
2026-07-29 08:21:17,iiitd11h6g9v6lge43quyunap5xw4w73h3t9ukzwmj3yg,1.8391,6.290874
2026-07-29 08:21:20,iiitd11h6g9v6lge43quyunap5xw4w73h3t9ukzwmj3yg,19,0.0,0.0,90.0
2026-07-29 08:31:18,iiitd11h6g9v6lge43quyunap5xw4w73h3t9ukzwmj3yg,1.8103,6.112281
2026-07-29 08:31:22,iiitd11h6g9v6lge43quyunap5xw4w73h3t9ukzwmj3yg,20,0.0,0.0,90.0
2026-07-29 08:41:16,iiitd11h6g9v6lge43quyunap5xw4w73h3t9ukzwmj3yg,1.8104,6.112892
2026-07-29 08:41:19,iiitd11h6g9v6lge43quyunap5xw4w73h3t9ukzwmj3yg,21,0.0,0.0,90.0
2026-07-29 08:51:17,iiitd11h6g9v6lge43quyunap5xw4w73h3t9ukzwmj3yg,1.727,5.623757
2026-07-29 08:51:20,iiitd11h6g9v6lge43quyunap5xw4w73h3t9ukzwmj3yg,22,0.0,0.0,90.0
2026-07-29 09:01:17,iiitd11h6g9v6lge43quyunap5xw4w73h3t9ukzwmj3yg,1.6195,5.050564
2026-07-29 09:01:20,iiitd11h6g9v6lge43quyunap5xw4w73h3t9ukzwmj3yg,23,0.0,0.0,90.0
2026-07-29 09:11:16,iiitd11h6g9v6lge43quyunap5xw4w73h3t9ukzwmj3yg,1.564,4.777895
2026-07-29 09:11:19,iiitd11h6g9v6lge43quyunap5xw4w73h3t9ukzwmj3yg,24,0.0,0.0,90.0
2026-07-29 09:21:15,iiitd11h6g9v6lge43quyunap5xw4w73h3t9ukzwmj3yg,1.5109,4.530807
2026-07-29 09:21:18,iiitd11h6g9v6lge43quyunap5xw4w73h3t9ukzwmj3yg,25,0.0,0.0,90.0
2026-07-29 09:31:14,iiitd11h6g9v6lge43quyunap5xw4w73h3t9ukzwmj3yg,1.5178,4.562177
2026-07-29 09:31:18,iiitd11h6g9v6lge43quyunap5xw4w73h3t9ukzwmj3yg,26,0.0,0.0,90.0
2026-07-29 09:41:15,iiitd11h6g9v6lge43quyunap5xw4w73h3t9ukzwmj3yg,1.2655,3.544865
2026-07-29 09:41:18,iiitd11h6g9v6lge43quyunap5xw4w73h3t9ukzwmj3yg,27,0.0,0.0,90.0
2026-07-29 09:51:15,iiitd11h6g9v6lge43quyunap5xw4w73h3t9ukzwmj3yg,1.2519,3.496981
2026-07-29 09:51:18,iiitd11h6g9v6lge43quyunap5xw4w73h3t9ukzwmj3yg,28,0.0,0.0,90.0
2026-07-29 10:01:17,iiitd11h6g9v6lge43quyunap5xw4w73h3t9ukzwmj3yg,1.2479,3.483021
2026-07-29 10:01:20,iiitd11h6g9v6lge43quyunap5xw4w73h3t9ukzwmj3yg,29,0.0,0.0,90.0
2026-07-29 10:11:17,iiitd11h6g9v6lge43quyunap5xw4w73h3t9ukzwmj3yg,1.2545,3.506085
2026-07-29 10:11:21,iiitd11h6g9v6lge43quyunap5xw4w73h3t9ukzwmj3yg,30,0.0,0.0,90.0
2026-07-29 10:21:15,iiitd11h6g9v6lge43quyunap5xw4w73h3t9ukzwmj3yg,1.2419,3.462185
2026-07-29 10:21:19,iiitd11h6g9v6lge43quyunap5xw4w73h3t9ukzwmj3yg,31,0.0,0.0,90.0
2026-07-29 10:31:16,iiitd11h6g9v6lge43quyunap5xw4w73h3t9ukzwmj3yg,1.2381,3.449054
2026-07-29 10:31:19,iiitd11h6g9v6lge43quyunap5xw4w73h3t9ukzwmj3yg,32,0.0,0.0,90.0
2026-07-30 13:01:15,iiitd1184xy88pdzdaaeuwumrpg5awpp776zsv5mqnkrc,2.3889,10.901496
2026-07-30 13:01:18,iiitd1184xy88pdzdaaeuwumrpg5awpp776zsv5mqnkrc,5,0.0,0.0,90.0
2026-07-30 13:01:27,iiitd11g6sd35jtsdhyenlu5kc4mm9jptq54v477k2au3,2.3889,10.901496
2026-07-30 13:01:30,iiitd11g6sd35jtsdhyenlu5kc4mm9jptq54v477k2au3,13,0.0,0.0,90.0
2026-07-30 13:31:12,iiitd1184xy88pdzdaaeuwumrpg5awpp776zsv5mqnkrc,2.4887,12.045607
2026-07-30 13:31:24,iiitd11g6sd35jtsdhyenlu5kc4mm9jptq54v477k2au3,2.4887,12.045607
2026-07-30 13:31:27,iiitd1184xy88pdzdaaeuwumrpg5awpp776zsv5mqnkrc,6,0.0,0.0,90.0
2026-07-30 13:31:39,iiitd11g6sd35jtsdhyenlu5kc4mm9jptq54v477k2au3,14,0.0,0.0,90.0
2026-07-30 13:41:12,iiitd1184xy88pdzdaaeuwumrpg5awpp776zsv5mqnkrc,2.4823,11.968761
2026-07-30 13:41:22,iiitd11g6sd35jtsdhyenlu5kc4mm9jptq54v477k2au3,2.4823,11.968761
2026-07-30 13:41:27,iiitd1184xy88pdzdaaeuwumrpg5awpp776zsv5mqnkrc,7,0.0,0.0,90.0
2026-07-30 13:41:37,iiitd11g6sd35jtsdhyenlu5kc4mm9jptq54v477k2au3,15,0.0,0.0,90.0
2026-07-30 13:51:18,iiitd1184xy88pdzdaaeuwumrpg5awpp776zsv5mqnkrc,2.3795,10.799502
2026-07-30 13:51:20,iiitd11g6sd35jtsdhyenlu5kc4mm9jptq54v477k2au3,2.3795,10.799502
2026-07-30 13:51:32,iiitd1184xy88pdzdaaeuwumrpg5awpp776zsv5mqnkrc,8,0.0,0.0,90.0
2026-07-30 13:51:35,iiitd11g6sd35jtsdhyenlu5kc4mm9jptq54v477k2au3,16,0.0,0.0,90.0
2026-07-30 14:01:18,iiitd1184xy88pdzdaaeuwumrpg5awpp776zsv5mqnkrc,2.3716,10.714522
2026-07-30 14:01:22,iiitd11g6sd35jtsdhyenlu5kc4mm9jptq54v477k2au3,2.3716,10.714522
2026-07-30 14:01:32,iiitd1184xy88pdzdaaeuwumrpg5awpp776zsv5mqnkrc,9,0.0,0.0,90.0
2026-07-30 14:01:36,iiitd11g6sd35jtsdhyenlu5kc4mm9jptq54v477k2au3,17,0.0,0.0,90.0
2026-07-30 14:11:14,iiitd1184xy88pdzdaaeuwumrpg5awpp776zsv5mqnkrc,2.3611,10.602608
2026-07-30 14:11:24,iiitd11g6sd35jtsdhyenlu5kc4mm9jptq54v477k2au3,2.3611,10.602608
2026-07-30 14:11:28,iiitd1184xy88pdzdaaeuwumrpg5awpp776zsv5mqnkrc,10,0.0,0.0,90.0
2026-07-30 14:11:38,iiitd11g6sd35jtsdhyenlu5kc4mm9jptq54v477k2au3,18,0.0,0.0,90.0
2026-07-30 14:21:12,iiitd1184xy88pdzdaaeuwumrpg5awpp776zsv5mqnkrc,2.3521,10.507613
2026-07-30 14:21:24,iiitd11g6sd35jtsdhyenlu5kc4mm9jptq54v477k2au3,2.3521,10.507613
2026-07-30 14:21:26,iiitd1184xy88pdzdaaeuwumrpg5awpp776zsv5mqnkrc,11,0.0,0.0,90.0
2026-07-30 14:21:39,iiitd11g6sd35jtsdhyenlu5kc4mm9jptq54v477k2au3,19,0.0,0.0,90.0
2026-07-30 14:31:12,iiitd1184xy88pdzdaaeuwumrpg5awpp776zsv5mqnkrc,2.4407,11.481075
2026-07-30 14:31:24,iiitd11g6sd35jtsdhyenlu5kc4mm9jptq54v477k2au3,2.4407,11.481075
2026-07-30 14:31:26,iiitd1184xy88pdzdaaeuwumrpg5awpp776zsv5mqnkrc,12,0.0,0.0,90.0
2026-07-30 14:31:38,iiitd11g6sd35jtsdhyenlu5kc4mm9jptq54v477k2au3,20,0.0,0.0,90.0
2026-07-30 14:41:12,iiitd1184xy88pdzdaaeuwumrpg5awpp776zsv5mqnkrc,2.334,10.319136
2026-07-30 14:41:19,iiitd11g6sd35jtsdhyenlu5kc4mm9jptq54v477k2au3,2.334,10.319136
2026-07-30 14:41:25,iiitd1184xy88pdzdaaeuwumrpg5awpp776zsv5mqnkrc,13,0.0,0.0,90.0
2026-07-30 14:41:33,iiitd11g6sd35jtsdhyenlu5kc4mm9jptq54v477k2au3,21,0.0,0.0,90.0
2026-07-30 14:51:10,iiitd1184xy88pdzdaaeuwumrpg5awpp776zsv5mqnkrc,2.323,10.206247
2026-07-30 14:51:23,iiitd11g6sd35jtsdhyenlu5kc4mm9jptq54v477k2au3,2.323,10.206247
2026-07-30 14:51:24,iiitd1184xy88pdzdaaeuwumrpg5awpp776zsv5mqnkrc,14,0.0,0.0,90.0
2026-07-30 14:51:38,iiitd11g6sd35jtsdhyenlu5kc4mm9jptq54v477k2au3,22,0.0,0.0,90.0
2026-07-30 15:01:16,iiitd1184xy88pdzdaaeuwumrpg5awpp776zsv5mqnkrc,2.4084,11.116161
2026-07-30 15:01:23,iiitd11g6sd35jtsdhyenlu5kc4mm9jptq54v477k2au3,2.4084,11.116161
2026-07-30 15:01:30,iiitd1184xy88pdzdaaeuwumrpg5awpp776zsv5mqnkrc,15,0.0,0.0,90.0
2026-07-30 15:01:37,iiitd11g6sd35jtsdhyenlu5kc4mm9jptq54v477k2au3,23,0.0,0.0,90.0
2026-07-30 15:11:17,iiitd1184xy88pdzdaaeuwumrpg5awpp776zsv5mqnkrc,2.3895,10.908039
2026-07-30 15:11:22,iiitd11g6sd35jtsdhyenlu5kc4mm9jptq54v477k2au3,2.3895,10.908039
2026-07-30 15:11:31,iiitd1184xy88pdzdaaeuwumrpg5awpp776zsv5mqnkrc,16,0.0,0.0,90.0
2026-07-30 15:11:36,iiitd11g6sd35jtsdhyenlu5kc4mm9jptq54v477k2au3,24,0.0,0.0,90.0
2026-07-30 15:21:14,iiitd1184xy88pdzdaaeuwumrpg5awpp776zsv5mqnkrc,2.3771,10.773614
2026-07-30 15:21:26,iiitd11g6sd35jtsdhyenlu5kc4mm9jptq54v477k2au3,2.3771,10.773614
2026-07-30 15:21:28,iiitd1184xy88pdzdaaeuwumrpg5awpp776zsv5mqnkrc,17,0.0,0.0,90.0
2026-07-30 15:21:40,iiitd11g6sd35jtsdhyenlu5kc4mm9jptq54v477k2au3,25,0.0,0.0,90.0
2026-07-30 15:31:18,iiitd1184xy88pdzdaaeuwumrpg5awpp776zsv5mqnkrc,2.3581,10.570848
2026-07-30 15:31:22,iiitd11g6sd35jtsdhyenlu5kc4mm9jptq54v477k2au3,2.3581,10.570848
2026-07-30 15:31:33,iiitd1184xy88pdzdaaeuwumrpg5awpp776zsv5mqnkrc,18,0.0,0.0,90.0
2026-07-30 15:31:36,iiitd11g6sd35jtsdhyenlu5kc4mm9jptq54v477k2au3,26,0.0,0.0,90.0
2026-07-30 15:41:23,iiitd11g6sd35jtsdhyenlu5kc4mm9jptq54v477k2au3,2.092,8.101101
2026-07-30 15:41:34,iiitd1184xy88pdzdaaeuwumrpg5awpp776zsv5mqnkrc,2.092,8.101101
2026-07-30 15:41:37,iiitd11g6sd35jtsdhyenlu5kc4mm9jptq54v477k2au3,27,0.0,0.0,90.0
2026-07-30 15:41:49,iiitd1184xy88pdzdaaeuwumrpg5awpp776zsv5mqnkrc,19,0.0,0.0,90.0
2026-07-30 15:51:21,iiitd11g6sd35jtsdhyenlu5kc4mm9jptq54v477k2au3,1.9856,7.283416
2026-07-30 15:51:24,iiitd11g6sd35jtsdhyenlu5kc4mm9jptq54v477k2au3,28,0.0,0.0,90.0
2026-07-30 15:51:38,iiitd1184xy88pdzdaaeuwumrpg5awpp776zsv5mqnkrc,2.0828,8.026913
2026-07-30 15:51:41,iiitd1184xy88pdzdaaeuwumrpg5awpp776zsv5mqnkrc,20,0.0,0.0,90.0
2026-07-30 16:01:22,iiitd11g6sd35jtsdhyenlu5kc4mm9jptq54v477k2au3,1.922,6.834614
2026-07-30 16:01:25,iiitd11g6sd35jtsdhyenlu5kc4mm9jptq54v477k2au3,29,0.0,0.0,90.0
2026-07-30 16:01:38,iiitd1184xy88pdzdaaeuwumrpg5awpp776zsv5mqnkrc,2.0344,7.647662
2026-07-30 16:01:43,iiitd1184xy88pdzdaaeuwumrpg5awpp776zsv5mqnkrc,21,0.0,0.0,90.0
2026-07-30 16:11:28,iiitd11g6sd35jtsdhyenlu5kc4mm9jptq54v477k2au3,2.0649,7.884509
2026-07-30 16:11:31,iiitd11g6sd35jtsdhyenlu5kc4mm9jptq54v477k2au3,30,0.0,0.0,90.0
2026-07-30 16:11:36,iiitd1184xy88pdzdaaeuwumrpg5awpp776zsv5mqnkrc,2.0649,7.884509
2026-07-30 16:11:41,iiitd1184xy88pdzdaaeuwumrpg5awpp776zsv5mqnkrc,22,0.0,0.0,90.0
2026-07-30 16:21:25,iiitd11g6sd35jtsdhyenlu5kc4mm9jptq54v477k2au3,1.9949,7.351468
2026-07-30 16:21:28,iiitd11g6sd35jtsdhyenlu5kc4mm9jptq54v477k2au3,31,0.0,0.0,90.0
2026-07-30 16:21:36,iiitd1184xy88pdzdaaeuwumrpg5awpp776zsv5mqnkrc,1.9949,7.351468
2026-07-30 16:21:41,iiitd1184xy88pdzdaaeuwumrpg5awpp776zsv5mqnkrc,23,0.0,0.0,90.0
2026-07-30 16:31:26,iiitd11g6sd35jtsdhyenlu5kc4mm9jptq54v477k2au3,1.9823,7.25942
2026-07-30 16:31:30,iiitd11g6sd35jtsdhyenlu5kc4mm9jptq54v477k2au3,32,0.0,0.0,90.0
2026-07-30 16:31:37,iiitd1184xy88pdzdaaeuwumrpg5awpp776zsv5mqnkrc,1.9823,7.25942
2026-07-30 16:31:41,iiitd1184xy88pdzdaaeuwumrpg5awpp776zsv5mqnkrc,24,0.0,0.0,90.0
2026-07-30 16:41:22,iiitd11g6sd35jtsdhyenlu5kc4mm9jptq54v477k2au3,1.8591,6.417958
2026-07-30 16:41:25,iiitd11g6sd35jtsdhyenlu5kc4mm9jptq54v477k2au3,33,0.0,0.0,90.0
2026-07-30 16:41:39,iiitd1184xy88pdzdaaeuwumrpg5awpp776zsv5mqnkrc,1.9778,7.226826
2026-07-30 16:41:44,iiitd1184xy88pdzdaaeuwumrpg5awpp776zsv5mqnkrc,25,0.0,0.0,90.0
2026-07-30 16:51:24,iiitd11g6sd35jtsdhyenlu5kc4mm9jptq54v477k2au3,1.9736,7.196537
2026-07-30 16:51:27,iiitd11g6sd35jtsdhyenlu5kc4mm9jptq54v477k2au3,34,0.0,0.0,90.0
2026-07-30 16:51:36,iiitd1184xy88pdzdaaeuwumrpg5awpp776zsv5mqnkrc,1.9736,7.196537
2026-07-30 16:51:41,iiitd1184xy88pdzdaaeuwumrpg5awpp776zsv5mqnkrc,26,0.0,0.0,90.0
2026-07-30 17:01:24,iiitd11g6sd35jtsdhyenlu5kc4mm9jptq54v477k2au3,1.9654,7.137767
2026-07-30 17:01:27,iiitd11g6sd35jtsdhyenlu5kc4mm9jptq54v477k2au3,35,0.0,0.0,90.0
2026-07-30 17:01:36,iiitd1184xy88pdzdaaeuwumrpg5awpp776zsv5mqnkrc,1.9654,7.137767
2026-07-30 17:01:41,iiitd1184xy88pdzdaaeuwumrpg5awpp776zsv5mqnkrc,27,0.0,0.0,90.0
2026-07-30 17:11:22,iiitd11g6sd35jtsdhyenlu5kc4mm9jptq54v477k2au3,1.9568,7.076646
2026-07-30 17:11:25,iiitd11g6sd35jtsdhyenlu5kc4mm9jptq54v477k2au3,36,0.0,0.0,90.0
2026-07-30 17:11:33,iiitd1184xy88pdzdaaeuwumrpg5awpp776zsv5mqnkrc,1.9568,7.076646
2026-07-30 17:11:38,iiitd1184xy88pdzdaaeuwumrpg5awpp776zsv5mqnkrc,28,0.0,0.0,90.0
2026-08-03 16:25:24,slakshna1pgvpv9ysvguqckwzj809upw96pteursttk98yw,1.8388,6.288987
2026-08-03 16:25:27,slakshna1pgvpv9ysvguqckwzj809upw96pteursttk98yw,1,0.0,0.0,90.0
2026-08-03 16:31:17,slakshna1pgvpv9ysvguqckwzj809upw96pteursttk98yw,1.839,6.290245
2026-08-03 16:31:20,slakshna1pgvpv9ysvguqckwzj809upw96pteursttk98yw,2,0.0,0.0,90.0
2026-08-03 16:41:20,slakshna1pgvpv9ysvguqckwzj809upw96pteursttk98yw,1.8356,6.268894
2026-08-03 16:41:23,slakshna1pgvpv9ysvguqckwzj809upw96pteursttk98yw,3,0.0,0.0,90.0
2026-08-03 16:43:18,slakshna1fsz432y0cdu24wwe34fy8teg83984gd0v683jd,2.646,14.097536
2026-08-03 16:43:21,slakshna1fsz432y0cdu24wwe34fy8teg83984gd0v683jd,1,0.0,0.0,90.0
2026-08-03 16:51:11,slakshna1fsz432y0cdu24wwe34fy8teg83984gd0v683jd,1.8318,6.245118
2026-08-03 16:51:15,slakshna1fsz432y0cdu24wwe34fy8teg83984gd0v683jd,2,0.0,0.0,90.0
2026-08-03 16:51:21,slakshna1pgvpv9ysvguqckwzj809upw96pteursttk98yw,1.8318,6.245118
2026-08-03 16:51:25,slakshna1pgvpv9ysvguqckwzj809upw96pteursttk98yw,4,0.0,0.0,90.0
2026-08-03 17:01:15,slakshna1fsz432y0cdu24wwe34fy8teg83984gd0v683jd,1.8251,6.203415
2026-08-03 17:01:16,slakshna1pgvpv9ysvguqckwzj809upw96pteursttk98yw,1.8251,6.203415
2026-08-03 17:01:18,slakshna1fsz432y0cdu24wwe34fy8teg83984gd0v683jd,3,0.0,0.0,90.0
2026-08-03 17:01:20,slakshna1pgvpv9ysvguqckwzj809upw96pteursttk98yw,5,0.0,0.0,90.0
2026-08-03 17:11:09,slakshna1fsz432y0cdu24wwe34fy8teg83984gd0v683jd,1.8182,6.160759
2026-08-03 17:11:12,slakshna1fsz432y0cdu24wwe34fy8teg83984gd0v683jd,4,0.0,0.0,90.0
2026-08-03 17:11:19,slakshna1pgvpv9ysvguqckwzj809upw96pteursttk98yw,1.8182,6.160759
2026-08-03 17:11:23,slakshna1pgvpv9ysvguqckwzj809upw96pteursttk98yw,6,0.0,0.0,90.0
2026-08-03 17:21:07,slakshna1fsz432y0cdu24wwe34fy8teg83984gd0v683jd,2.3779,10.782236
2026-08-03 17:21:10,slakshna1fsz432y0cdu24wwe34fy8teg83984gd0v683jd,5,0.0,0.0,90.0
2026-08-03 17:21:21,slakshna1pgvpv9ysvguqckwzj809upw96pteursttk98yw,1.8105,6.113503
2026-08-03 17:21:24,slakshna1pgvpv9ysvguqckwzj809upw96pteursttk98yw,7,0.0,0.0,90.0
2026-08-03 17:31:09,slakshna1fsz432y0cdu24wwe34fy8teg83984gd0v683jd,1.8013,6.057517
2026-08-03 17:31:13,slakshna1fsz432y0cdu24wwe34fy8teg83984gd0v683jd,6,0.0,0.0,90.0
2026-08-03 17:31:21,slakshna1pgvpv9ysvguqckwzj809upw96pteursttk98yw,1.8013,6.057517
2026-08-03 17:31:24,slakshna1pgvpv9ysvguqckwzj809upw96pteursttk98yw,8,0.0,0.0,90.0
2026-08-03 17:41:08,slakshna1fsz432y0cdu24wwe34fy8teg83984gd0v683jd,1.7915,5.998443
2026-08-03 17:41:12,slakshna1fsz432y0cdu24wwe34fy8teg83984gd0v683jd,7,0.0,0.0,90.0
2026-08-03 17:41:21,slakshna1pgvpv9ysvguqckwzj809upw96pteursttk98yw,1.7915,5.998443
2026-08-03 17:41:24,slakshna1pgvpv9ysvguqckwzj809upw96pteursttk98yw,9,0.0,0.0,90.0
2026-08-04 06:31:14,slakshna1fsz432y0cdu24wwe34fy8teg83984gd0v683jd,1.7835,5.950647
2026-08-04 06:31:17,slakshna1fsz432y0cdu24wwe34fy8teg83984gd0v683jd,8,0.0,0.0,90.0
2026-08-04 06:31:22,slakshna1pgvpv9ysvguqckwzj809upw96pteursttk98yw,1.7835,5.950647
2026-08-04 06:31:25,slakshna1pgvpv9ysvguqckwzj809upw96pteursttk98yw,10,0.0,0.0,90.0
2026-08-04 06:33:39,slakshna1k8f60dhk8qh7yyzzlh3kfr6mssay8musptp6m9,1.839,6.290245
2026-08-04 06:33:43,slakshna1k8f60dhk8qh7yyzzlh3kfr6mssay8musptp6m9,1,0.0,0.0,90.0
2026-08-04 06:41:12,slakshna1fsz432y0cdu24wwe34fy8teg83984gd0v683jd,1.7713,5.87849
2026-08-04 06:41:13,slakshna1k8f60dhk8qh7yyzzlh3kfr6mssay8musptp6m9,1.7713,5.87849
2026-08-04 06:41:16,slakshna1fsz432y0cdu24wwe34fy8teg83984gd0v683jd,9,0.0,0.0,90.0
2026-08-04 06:41:16,slakshna1k8f60dhk8qh7yyzzlh3kfr6mssay8musptp6m9,2,0.0,0.0,90.0
2026-08-04 06:41:19,slakshna1pgvpv9ysvguqckwzj809upw96pteursttk98yw,1.7713,5.87849
2026-08-04 06:41:23,slakshna1pgvpv9ysvguqckwzj809upw96pteursttk98yw,11,0.0,0.0,90.0
2026-08-04 06:51:07,slakshna1k8f60dhk8qh7yyzzlh3kfr6mssay8musptp6m9,2.3087,10.061336
2026-08-04 06:51:11,slakshna1k8f60dhk8qh7yyzzlh3kfr6mssay8musptp6m9,3,0.0,0.0,90.0
2026-08-04 06:51:14,slakshna1fsz432y0cdu24wwe34fy8teg83984gd0v683jd,1.7609,5.817671
2026-08-04 06:51:18,slakshna1fsz432y0cdu24wwe34fy8teg83984gd0v683jd,10,0.0,0.0,90.0
2026-08-04 06:51:26,slakshna1pgvpv9ysvguqckwzj809upw96pteursttk98yw,1.7609,5.817671
2026-08-04 06:51:29,slakshna1pgvpv9ysvguqckwzj809upw96pteursttk98yw,12,0.0,0.0,90.0
2026-08-04 07:01:18,slakshna1k8f60dhk8qh7yyzzlh3kfr6mssay8musptp6m9,1.8213,6.179887
2026-08-04 07:01:19,slakshna1fsz432y0cdu24wwe34fy8teg83984gd0v683jd,1.8213,6.179887
2026-08-04 07:01:21,slakshna1k8f60dhk8qh7yyzzlh3kfr6mssay8musptp6m9,4,0.0,0.0,90.0
2026-08-04 07:01:22,slakshna1pgvpv9ysvguqckwzj809upw96pteursttk98yw,1.8213,6.179887
2026-08-04 07:01:23,slakshna1fsz432y0cdu24wwe34fy8teg83984gd0v683jd,11,0.0,0.0,90.0
2026-08-04 07:01:25,slakshna1pgvpv9ysvguqckwzj809upw96pteursttk98yw,13,0.0,0.0,90.0
2026-08-04 07:23:43,slakshna194pw8fnjnquwrf2720ulrljy5xychddd40eq8s,2.3186,10.161438
2026-08-04 07:23:46,slakshna194pw8fnjnquwrf2720ulrljy5xychddd40eq8s,1,0.0,0.0,90.0
2026-08-04 07:23:55,slakshna1l5kgdze27ttw9mm52vjmplvag8ae3kzsc2u3me,2.2111,9.125749
2026-08-04 07:23:58,slakshna1l5kgdze27ttw9mm52vjmplvag8ae3kzsc2u3me,1,0.0,0.0,90.0
2026-08-04 07:23:58,slakshna1yfjtk8ltwwclazaxdtpc20r70segn9vxuvmmaq,2.2111,9.125749
2026-08-04 07:24:02,slakshna1yfjtk8ltwwclazaxdtpc20r70segn9vxuvmmaq,1,0.0,0.0,90.0
2026-08-04 07:31:13,slakshna1l5kgdze27ttw9mm52vjmplvag8ae3kzsc2u3me,2.2115,9.1294
2026-08-04 07:31:15,slakshna194pw8fnjnquwrf2720ulrljy5xychddd40eq8s,2.2115,9.1294
2026-08-04 07:31:17,slakshna1l5kgdze27ttw9mm52vjmplvag8ae3kzsc2u3me,2,0.0,0.0,90.0
2026-08-04 07:31:18,slakshna194pw8fnjnquwrf2720ulrljy5xychddd40eq8s,2,0.0,0.0,90.0
2026-08-04 07:31:19,slakshna1yfjtk8ltwwclazaxdtpc20r70segn9vxuvmmaq,2.2115,9.1294
2026-08-04 07:31:23,slakshna1yfjtk8ltwwclazaxdtpc20r70segn9vxuvmmaq,2,0.0,0.0,90.0
2026-08-04 07:41:14,slakshna1l5kgdze27ttw9mm52vjmplvag8ae3kzsc2u3me,2.2068,9.086593
2026-08-04 07:41:16,slakshna194pw8fnjnquwrf2720ulrljy5xychddd40eq8s,2.2068,9.086593
2026-08-04 07:41:18,slakshna1l5kgdze27ttw9mm52vjmplvag8ae3kzsc2u3me,3,0.0,0.0,90.0
2026-08-04 07:41:19,slakshna194pw8fnjnquwrf2720ulrljy5xychddd40eq8s,3,0.0,0.0,90.0
2026-08-04 07:41:20,slakshna1yfjtk8ltwwclazaxdtpc20r70segn9vxuvmmaq,2.2068,9.086593
2026-08-04 07:41:23,slakshna1yfjtk8ltwwclazaxdtpc20r70segn9vxuvmmaq,3,0.0,0.0,90.0
2026-08-04 07:51:17,slakshna1l5kgdze27ttw9mm52vjmplvag8ae3kzsc2u3me,2.1975,9.002479
2026-08-04 07:51:18,slakshna194pw8fnjnquwrf2720ulrljy5xychddd40eq8s,2.1975,9.002479
2026-08-04 07:51:20,slakshna1yfjtk8ltwwclazaxdtpc20r70segn9vxuvmmaq,2.1975,9.002479
2026-08-04 07:51:20,slakshna1l5kgdze27ttw9mm52vjmplvag8ae3kzsc2u3me,4,0.0,0.0,90.0
2026-08-04 07:51:22,slakshna194pw8fnjnquwrf2720ulrljy5xychddd40eq8s,4,0.0,0.0,90.0
2026-08-04 07:51:23,slakshna1yfjtk8ltwwclazaxdtpc20r70segn9vxuvmmaq,4,0.0,0.0,90.0
2026-08-04 08:01:10,slakshna1l5kgdze27ttw9mm52vjmplvag8ae3kzsc2u3me,2.1872,8.91023
2026-08-04 08:01:13,slakshna1l5kgdze27ttw9mm52vjmplvag8ae3kzsc2u3me,5,0.0,0.0,90.0
2026-08-04 08:01:19,slakshna1yfjtk8ltwwclazaxdtpc20r70segn9vxuvmmaq,2.1872,8.91023
2026-08-04 08:01:23,slakshna1yfjtk8ltwwclazaxdtpc20r70segn9vxuvmmaq,5,0.0,0.0,90.0
2026-08-04 08:11:09,slakshna194pw8fnjnquwrf2720ulrljy5xychddd40eq8s,2.1767,8.817162
2026-08-04 08:11:12,slakshna1l5kgdze27ttw9mm52vjmplvag8ae3kzsc2u3me,2.1767,8.817162
2026-08-04 08:11:13,slakshna194pw8fnjnquwrf2720ulrljy5xychddd40eq8s,5,0.0,0.0,90.0
2026-08-04 08:11:16,slakshna1l5kgdze27ttw9mm52vjmplvag8ae3kzsc2u3me,6,0.0,0.0,90.0
2026-08-04 08:11:19,slakshna1yfjtk8ltwwclazaxdtpc20r70segn9vxuvmmaq,2.1767,8.817162
2026-08-04 08:11:23,slakshna1yfjtk8ltwwclazaxdtpc20r70segn9vxuvmmaq,6,0.0,0.0,90.0
2026-08-04 08:21:30,slakshna194pw8fnjnquwrf2720ulrljy5xychddd40eq8s,2.1622,8.690235
2026-08-04 08:21:31,slakshna1l5kgdze27ttw9mm52vjmplvag8ae3kzsc2u3me,2.1622,8.690235
2026-08-04 08:21:34,slakshna194pw8fnjnquwrf2720ulrljy5xychddd40eq8s,6,0.0,0.0,90.0
2026-08-04 08:21:35,slakshna1l5kgdze27ttw9mm52vjmplvag8ae3kzsc2u3me,7,0.0,0.0,90.0
2026-08-04 08:21:36,slakshna1yfjtk8ltwwclazaxdtpc20r70segn9vxuvmmaq,2.1622,8.690235
2026-08-04 08:21:40,slakshna1yfjtk8ltwwclazaxdtpc20r70segn9vxuvmmaq,7,0.0,0.0,90.0
2026-08-04 08:31:25,slakshna194pw8fnjnquwrf2720ulrljy5xychddd40eq8s,2.169,8.74953
2026-08-04 08:31:27,slakshna1l5kgdze27ttw9mm52vjmplvag8ae3kzsc2u3me,2.2675,9.655233
2026-08-04 08:31:28,slakshna194pw8fnjnquwrf2720ulrljy5xychddd40eq8s,7,0.0,0.0,90.0
2026-08-04 08:31:30,slakshna1l5kgdze27ttw9mm52vjmplvag8ae3kzsc2u3me,8,0.0,0.0,90.0
2026-08-04 08:31:40,slakshna1yfjtk8ltwwclazaxdtpc20r70segn9vxuvmmaq,2.2675,9.655233
2026-08-04 08:31:44,slakshna1yfjtk8ltwwclazaxdtpc20r70segn9vxuvmmaq,8,0.0,0.0,90.0
2026-08-04 08:41:20,slakshna1l5kgdze27ttw9mm52vjmplvag8ae3kzsc2u3me,2.2791,9.767885
2026-08-04 08:41:23,slakshna1l5kgdze27ttw9mm52vjmplvag8ae3kzsc2u3me,9,0.0,0.0,90.0
2026-08-04 08:41:27,slakshna194pw8fnjnquwrf2720ulrljy5xychddd40eq8s,2.2791,9.767885
2026-08-04 08:41:31,slakshna194pw8fnjnquwrf2720ulrljy5xychddd40eq8s,8,0.0,0.0,90.0
2026-08-04 08:41:43,slakshna1yfjtk8ltwwclazaxdtpc20r70segn9vxuvmmaq,2.143,8.524974
2026-08-04 08:41:46,slakshna1yfjtk8ltwwclazaxdtpc20r70segn9vxuvmmaq,9,0.0,0.0,90.0
2026-08-04 08:51:27,slakshna1l5kgdze27ttw9mm52vjmplvag8ae3kzsc2u3me,2.1078,8.230115
2026-08-04 08:51:29,slakshna194pw8fnjnquwrf2720ulrljy5xychddd40eq8s,2.1078,8.230115
2026-08-04 08:51:30,slakshna1l5kgdze27ttw9mm52vjmplvag8ae3kzsc2u3me,10,0.0,0.0,90.0
2026-08-04 08:51:32,slakshna194pw8fnjnquwrf2720ulrljy5xychddd40eq8s,9,0.0,0.0,90.0
2026-08-04 08:51:39,slakshna1yfjtk8ltwwclazaxdtpc20r70segn9vxuvmmaq,2.1078,8.230115
2026-08-04 08:51:43,slakshna1yfjtk8ltwwclazaxdtpc20r70segn9vxuvmmaq,10,0.0,0.0,90.0
2026-08-04 09:01:27,slakshna194pw8fnjnquwrf2720ulrljy5xychddd40eq8s,2.1154,8.292902
2026-08-04 09:01:28,slakshna1l5kgdze27ttw9mm52vjmplvag8ae3kzsc2u3me,2.1154,8.292902
2026-08-04 09:01:30,slakshna194pw8fnjnquwrf2720ulrljy5xychddd40eq8s,10,0.0,0.0,90.0
2026-08-04 09:01:32,slakshna1l5kgdze27ttw9mm52vjmplvag8ae3kzsc2u3me,11,0.0,0.0,90.0
2026-08-04 09:01:41,slakshna1yfjtk8ltwwclazaxdtpc20r70segn9vxuvmmaq,2.1154,8.292902
2026-08-04 09:01:45,slakshna1yfjtk8ltwwclazaxdtpc20r70segn9vxuvmmaq,11,0.0,0.0,90.0
2026-08-04 09:11:25,slakshna1l5kgdze27ttw9mm52vjmplvag8ae3kzsc2u3me,2.1014,8.177611
2026-08-04 09:11:28,slakshna194pw8fnjnquwrf2720ulrljy5xychddd40eq8s,2.1014,8.177611
2026-08-04 09:11:29,slakshna1l5kgdze27ttw9mm52vjmplvag8ae3kzsc2u3me,12,0.0,0.0,90.0
2026-08-04 09:11:32,slakshna194pw8fnjnquwrf2720ulrljy5xychddd40eq8s,11,0.0,0.0,90.0
2026-08-04 09:11:36,slakshna1yfjtk8ltwwclazaxdtpc20r70segn9vxuvmmaq,2.1014,8.177611
2026-08-04 09:11:39,slakshna1yfjtk8ltwwclazaxdtpc20r70segn9vxuvmmaq,12,0.0,0.0,90.0
2026-08-04 09:25:54,slakshna1dj4vu526zv73txtdxd95vzgeamvqqtp7rvap5u,2.5233,12.469679
2026-08-04 09:25:58,slakshna1dj4vu526zv73txtdxd95vzgeamvqqtp7rvap5u,1,0.0,0.0,90.0
2026-08-04 09:26:03,slakshna1jh2rquwvvltfvl3073rff8aqn3rajaqzwulnes,2.2413,9.405551
2026-08-04 09:26:06,slakshna1jh2rquwvvltfvl3073rff8aqn3rajaqzwulnes,1,0.0,0.0,90.0
2026-08-04 09:26:23,slakshna1lp2cvw88n7ev4yzzkn89d3wppttsrea2haj0cu,2.1857,8.896874
2026-08-04 09:26:27,slakshna1lp2cvw88n7ev4yzzkn89d3wppttsrea2haj0cu,1,0.0,0.0,90.0
2026-08-04 09:27:23,slakshna1dj4vu526zv73txtdxd95vzgeamvqqtp7rvap5u,2.436,11.42724
2026-08-04 09:27:26,slakshna1dj4vu526zv73txtdxd95vzgeamvqqtp7rvap5u,2,0.0,0.0,90.0
2026-08-04 09:27:55,slakshna1lp2cvw88n7ev4yzzkn89d3wppttsrea2haj0cu,2.342,10.40202
2026-08-04 09:27:58,slakshna1lp2cvw88n7ev4yzzkn89d3wppttsrea2haj0cu,2,0.0,0.0,90.0
2026-08-04 09:28:12,slakshna1jh2rquwvvltfvl3073rff8aqn3rajaqzwulnes,2.0141,7.49398
2026-08-04 09:28:16,slakshna1jh2rquwvvltfvl3073rff8aqn3rajaqzwulnes,2,0.0,0.0,90.0
2026-08-04 09:28:50,slakshna1dj4vu526zv73txtdxd95vzgeamvqqtp7rvap5u,2.2713,9.691992
2026-08-04 09:28:53,slakshna1dj4vu526zv73txtdxd95vzgeamvqqtp7rvap5u,3,0.0,0.0,90.0
2026-08-04 09:29:24,slakshna1lp2cvw88n7ev4yzzkn89d3wppttsrea2haj0cu,2.3635,10.628085
2026-08-04 09:29:27,slakshna1lp2cvw88n7ev4yzzkn89d3wppttsrea2haj0cu,3,0.0,0.0,90.0
2026-08-04 09:30:10,slakshna1jh2rquwvvltfvl3073rff8aqn3rajaqzwulnes,2.2008,9.032236
2026-08-04 09:30:13,slakshna1jh2rquwvvltfvl3073rff8aqn3rajaqzwulnes,3,0.0,0.0,90.0
2026-08-04 09:30:22,slakshna1dj4vu526zv73txtdxd95vzgeamvqqtp7rvap5u,2.2654,9.634978
2026-08-04 09:30:25,slakshna1dj4vu526zv73txtdxd95vzgeamvqqtp7rvap5u,4,0.0,0.0,90.0
2026-08-04 09:30:58,slakshna1lp2cvw88n7ev4yzzkn89d3wppttsrea2haj0cu,2.2254,9.257185
2026-08-04 09:31:01,slakshna1lp2cvw88n7ev4yzzkn89d3wppttsrea2haj0cu,4,0.0,0.0,90.0
2026-08-04 09:31:55,slakshna1dj4vu526zv73txtdxd95vzgeamvqqtp7rvap5u,2.2723,9.701689
2026-08-04 09:31:59,slakshna1dj4vu526zv73txtdxd95vzgeamvqqtp7rvap5u,5,0.0,0.0,90.0
2026-08-04 09:32:05,slakshna1jh2rquwvvltfvl3073rff8aqn3rajaqzwulnes,2.2723,9.701689
2026-08-04 09:32:09,slakshna1jh2rquwvvltfvl3073rff8aqn3rajaqzwulnes,4,0.0,0.0,90.0
2026-08-04 09:33:00,slakshna1lp2cvw88n7ev4yzzkn89d3wppttsrea2haj0cu,2.1544,8.622715
2026-08-04 09:33:03,slakshna1lp2cvw88n7ev4yzzkn89d3wppttsrea2haj0cu,5,0.0,0.0,90.0
2026-08-04 09:33:55,slakshna1dj4vu526zv73txtdxd95vzgeamvqqtp7rvap5u,2.2283,9.28407
2026-08-04 09:33:59,slakshna1dj4vu526zv73txtdxd95vzgeamvqqtp7rvap5u,6,0.0,0.0,90.0
2026-08-04 09:34:05,slakshna1jh2rquwvvltfvl3073rff8aqn3rajaqzwulnes,2.2283,9.28407
2026-08-04 09:34:08,slakshna1jh2rquwvvltfvl3073rff8aqn3rajaqzwulnes,5,0.0,0.0,90.0
2026-08-04 09:36:30,slakshna1dj4vu526zv73txtdxd95vzgeamvqqtp7rvap5u,2.2563,9.547697
2026-08-04 09:36:34,slakshna1dj4vu526zv73txtdxd95vzgeamvqqtp7rvap5u,7,0.0,0.0,90.0
2026-08-04 09:36:41,slakshna1jh2rquwvvltfvl3073rff8aqn3rajaqzwulnes,2.2563,9.547697
2026-08-04 09:36:45,slakshna1jh2rquwvvltfvl3073rff8aqn3rajaqzwulnes,6,0.0,0.0,90.0
2026-08-04 09:37:06,slakshna1lp2cvw88n7ev4yzzkn89d3wppttsrea2haj0cu,2.4241,11.292062
2026-08-04 09:37:10,slakshna1lp2cvw88n7ev4yzzkn89d3wppttsrea2haj0cu,6,0.0,0.0,90.0
2026-08-04 09:38:10,slakshna1dj4vu526zv73txtdxd95vzgeamvqqtp7rvap5u,2.2509,9.496279
2026-08-04 09:38:11,slakshna1jh2rquwvvltfvl3073rff8aqn3rajaqzwulnes,2.2509,9.496279
2026-08-04 09:38:13,slakshna1dj4vu526zv73txtdxd95vzgeamvqqtp7rvap5u,8,0.0,0.0,90.0
2026-08-04 09:38:15,slakshna1jh2rquwvvltfvl3073rff8aqn3rajaqzwulnes,7,0.0,0.0,90.0
2026-08-04 09:38:34,slakshna1lp2cvw88n7ev4yzzkn89d3wppttsrea2haj0cu,2.5083,12.284029
2026-08-04 09:38:38,slakshna1lp2cvw88n7ev4yzzkn89d3wppttsrea2haj0cu,7,0.0,0.0,90.0
2026-08-04 09:39:39,slakshna1dj4vu526zv73txtdxd95vzgeamvqqtp7rvap5u,2.2589,9.572554
2026-08-04 09:39:42,slakshna1dj4vu526zv73txtdxd95vzgeamvqqtp7rvap5u,9,0.0,0.0,90.0
2026-08-04 09:39:43,slakshna1jh2rquwvvltfvl3073rff8aqn3rajaqzwulnes,2.2589,9.572554
2026-08-04 09:39:46,slakshna1jh2rquwvvltfvl3073rff8aqn3rajaqzwulnes,8,0.0,0.0,90.0
2026-08-04 09:40:05,slakshna1lp2cvw88n7ev4yzzkn89d3wppttsrea2haj0cu,2.5049,12.242335
2026-08-04 09:40:08,slakshna1lp2cvw88n7ev4yzzkn89d3wppttsrea2haj0cu,8,0.0,0.0,90.0
2026-08-04 09:41:10,slakshna1dj4vu526zv73txtdxd95vzgeamvqqtp7rvap5u,2.2459,9.448916
2026-08-04 09:41:10,slakshna1jh2rquwvvltfvl3073rff8aqn3rajaqzwulnes,2.2459,9.448916
2026-08-04 09:41:13,slakshna1dj4vu526zv73txtdxd95vzgeamvqqtp7rvap5u,10,0.0,0.0,90.0
2026-08-04 09:41:14,slakshna1jh2rquwvvltfvl3073rff8aqn3rajaqzwulnes,9,0.0,0.0,90.0
2026-08-04 09:41:42,slakshna1lp2cvw88n7ev4yzzkn89d3wppttsrea2haj0cu,2.4155,11.195367
2026-08-04 09:41:45,slakshna1lp2cvw88n7ev4yzzkn89d3wppttsrea2haj0cu,9,0.0,0.0,90.0
2026-08-04 09:42:40,slakshna1dj4vu526zv73txtdxd95vzgeamvqqtp7rvap5u,2.2452,9.442304
2026-08-04 09:42:42,slakshna1jh2rquwvvltfvl3073rff8aqn3rajaqzwulnes,2.2452,9.442304
2026-08-04 09:42:43,slakshna1dj4vu526zv73txtdxd95vzgeamvqqtp7rvap5u,11,0.0,0.0,90.0
2026-08-04 09:42:45,slakshna1jh2rquwvvltfvl3073rff8aqn3rajaqzwulnes,10,0.0,0.0,90.0
2026-08-04 09:43:08,slakshna1lp2cvw88n7ev4yzzkn89d3wppttsrea2haj0cu,2.414,11.178586
2026-08-04 09:43:11,slakshna1lp2cvw88n7ev4yzzkn89d3wppttsrea2haj0cu,10,0.0,0.0,90.0
2026-08-04 09:44:02,slakshna1dj4vu526zv73txtdxd95vzgeamvqqtp7rvap5u,2.2719,9.697809
2026-08-04 09:44:05,slakshna1dj4vu526zv73txtdxd95vzgeamvqqtp7rvap5u,12,0.0,0.0,90.0
2026-08-04 09:44:11,slakshna1jh2rquwvvltfvl3073rff8aqn3rajaqzwulnes,2.2719,9.697809
2026-08-04 09:44:15,slakshna1jh2rquwvvltfvl3073rff8aqn3rajaqzwulnes,11,0.0,0.0,90.0
2026-08-04 09:44:34,slakshna1lp2cvw88n7ev4yzzkn89d3wppttsrea2haj0cu,2.4103,11.137302
2026-08-04 09:44:38,slakshna1lp2cvw88n7ev4yzzkn89d3wppttsrea2haj0cu,11,0.0,0.0,90.0
2026-08-04 09:45:38,slakshna1dj4vu526zv73txtdxd95vzgeamvqqtp7rvap5u,2.2418,9.410255
2026-08-04 09:45:41,slakshna1jh2rquwvvltfvl3073rff8aqn3rajaqzwulnes,2.2418,9.410255
2026-08-04 09:45:41,slakshna1dj4vu526zv73txtdxd95vzgeamvqqtp7rvap5u,13,0.0,0.0,90.0
2026-08-04 09:45:45,slakshna1jh2rquwvvltfvl3073rff8aqn3rajaqzwulnes,12,0.0,0.0,90.0
2026-08-04 09:46:05,slakshna1lp2cvw88n7ev4yzzkn89d3wppttsrea2haj0cu,2.352,10.506562
2026-08-04 09:46:08,slakshna1lp2cvw88n7ev4yzzkn89d3wppttsrea2haj0cu,12,0.0,0.0,90.0
2026-08-04 09:49:06,slakshna1dj4vu526zv73txtdxd95vzgeamvqqtp7rvap5u,2.2402,9.39521
2026-08-04 09:49:10,slakshna1dj4vu526zv73txtdxd95vzgeamvqqtp7rvap5u,14,0.0,0.0,90.0
2026-08-04 09:49:10,slakshna1lp2cvw88n7ev4yzzkn89d3wppttsrea2haj0cu,2.2402,9.39521
2026-08-04 09:49:14,slakshna1lp2cvw88n7ev4yzzkn89d3wppttsrea2haj0cu,13,0.0,0.0,90.0
2026-08-04 09:49:17,slakshna1jh2rquwvvltfvl3073rff8aqn3rajaqzwulnes,2.2402,9.39521
2026-08-04 09:49:20,slakshna1jh2rquwvvltfvl3073rff8aqn3rajaqzwulnes,13,0.0,0.0,90.0
2026-08-04 09:51:08,slakshna1lp2cvw88n7ev4yzzkn89d3wppttsrea2haj0cu,2.2371,9.36613
2026-08-04 09:51:10,slakshna1dj4vu526zv73txtdxd95vzgeamvqqtp7rvap5u,2.2371,9.36613
2026-08-04 09:51:12,slakshna1lp2cvw88n7ev4yzzkn89d3wppttsrea2haj0cu,14,0.0,0.0,90.0
2026-08-04 09:51:13,slakshna1jh2rquwvvltfvl3073rff8aqn3rajaqzwulnes,2.2371,9.36613
2026-08-04 09:51:14,slakshna1dj4vu526zv73txtdxd95vzgeamvqqtp7rvap5u,15,0.0,0.0,90.0
2026-08-04 09:51:17,slakshna1jh2rquwvvltfvl3073rff8aqn3rajaqzwulnes,14,0.0,0.0,90.0
2026-08-04 09:53:11,slakshna1dj4vu526zv73txtdxd95vzgeamvqqtp7rvap5u,2.2348,9.344613
2026-08-04 09:53:12,slakshna1lp2cvw88n7ev4yzzkn89d3wppttsrea2haj0cu,2.2348,9.344613
2026-08-04 09:53:15,slakshna1dj4vu526zv73txtdxd95vzgeamvqqtp7rvap5u,16,0.0,0.0,90.0
2026-08-04 09:53:15,slakshna1lp2cvw88n7ev4yzzkn89d3wppttsrea2haj0cu,15,0.0,0.0,90.0
2026-08-04 09:53:16,slakshna1jh2rquwvvltfvl3073rff8aqn3rajaqzwulnes,2.2348,9.344613
2026-08-04 09:53:19,slakshna1jh2rquwvvltfvl3073rff8aqn3rajaqzwulnes,15,0.0,0.0,90.0
2026-08-04 09:55:03,slakshna1lp2cvw88n7ev4yzzkn89d3wppttsrea2haj0cu,2.2326,9.324077
2026-08-04 09:55:06,slakshna1lp2cvw88n7ev4yzzkn89d3wppttsrea2haj0cu,16,0.0,0.0,90.0
2026-08-04 09:55:09,slakshna1dj4vu526zv73txtdxd95vzgeamvqqtp7rvap5u,2.2326,9.324077
2026-08-04 09:55:12,slakshna1dj4vu526zv73txtdxd95vzgeamvqqtp7rvap5u,17,0.0,0.0,90.0
2026-08-04 09:55:17,slakshna1jh2rquwvvltfvl3073rff8aqn3rajaqzwulnes,2.2326,9.324077
2026-08-04 09:55:20,slakshna1jh2rquwvvltfvl3073rff8aqn3rajaqzwulnes,16,0.0,0.0,90.0
2026-08-04 09:57:09,slakshna1dj4vu526zv73txtdxd95vzgeamvqqtp7rvap5u,2.2628,9.609959
2026-08-04 09:57:11,slakshna1lp2cvw88n7ev4yzzkn89d3wppttsrea2haj0cu,2.2628,9.609959
2026-08-04 09:57:13,slakshna1dj4vu526zv73txtdxd95vzgeamvqqtp7rvap5u,18,0.0,0.0,90.0
2026-08-04 09:57:14,slakshna1lp2cvw88n7ev4yzzkn89d3wppttsrea2haj0cu,17,0.0,0.0,90.0
2026-08-04 09:57:15,slakshna1jh2rquwvvltfvl3073rff8aqn3rajaqzwulnes,2.2628,9.609959
2026-08-04 09:57:19,slakshna1jh2rquwvvltfvl3073rff8aqn3rajaqzwulnes,17,0.0,0.0,90.0
2026-08-04 10:01:08,slakshna1dj4vu526zv73txtdxd95vzgeamvqqtp7rvap5u,2.2422,9.414019
2026-08-04 10:01:12,slakshna1jh2rquwvvltfvl3073rff8aqn3rajaqzwulnes,2.2422,9.414019
2026-08-04 10:01:12,slakshna1dj4vu526zv73txtdxd95vzgeamvqqtp7rvap5u,19,0.0,0.0,90.0
2026-08-04 10:01:16,slakshna1jh2rquwvvltfvl3073rff8aqn3rajaqzwulnes,18,0.0,0.0,90.0
2026-08-04 10:03:01,slakshna1dj4vu526zv73txtdxd95vzgeamvqqtp7rvap5u,2.2247,9.250707
2026-08-04 10:03:05,slakshna1dj4vu526zv73txtdxd95vzgeamvqqtp7rvap5u,20,0.0,0.0,90.0
2026-08-04 10:03:13,slakshna1jh2rquwvvltfvl3073rff8aqn3rajaqzwulnes,2.2247,9.250707
2026-08-04 10:03:17,slakshna1jh2rquwvvltfvl3073rff8aqn3rajaqzwulnes,19,0.0,0.0,90.0
2026-08-04 10:05:02,slakshna1dj4vu526zv73txtdxd95vzgeamvqqtp7rvap5u,2.2235,9.239613
2026-08-04 10:05:05,slakshna1dj4vu526zv73txtdxd95vzgeamvqqtp7rvap5u,21,0.0,0.0,90.0
2026-08-04 10:05:10,slakshna1lp2cvw88n7ev4yzzkn89d3wppttsrea2haj0cu,2.2235,9.239613
2026-08-04 10:05:14,slakshna1lp2cvw88n7ev4yzzkn89d3wppttsrea2haj0cu,18,0.0,0.0,90.0
2026-08-04 10:05:15,slakshna1jh2rquwvvltfvl3073rff8aqn3rajaqzwulnes,2.2235,9.239613
2026-08-04 10:05:18,slakshna1jh2rquwvvltfvl3073rff8aqn3rajaqzwulnes,20,0.0,0.0,90.0
2026-08-04 10:07:15,slakshna1dj4vu526zv73txtdxd95vzgeamvqqtp7rvap5u,2.2205,9.211936
2026-08-04 10:07:16,slakshna1jh2rquwvvltfvl3073rff8aqn3rajaqzwulnes,2.2205,9.211936
2026-08-04 10:07:16,slakshna1lp2cvw88n7ev4yzzkn89d3wppttsrea2haj0cu,2.2205,9.211936
2026-08-04 10:07:18,slakshna1dj4vu526zv73txtdxd95vzgeamvqqtp7rvap5u,22,0.0,0.0,90.0
2026-08-04 10:07:19,slakshna1jh2rquwvvltfvl3073rff8aqn3rajaqzwulnes,21,0.0,0.0,90.0
2026-08-04 10:07:20,slakshna1lp2cvw88n7ev4yzzkn89d3wppttsrea2haj0cu,19,0.0,0.0,90.0
2026-08-04 10:09:02,slakshna1lp2cvw88n7ev4yzzkn89d3wppttsrea2haj0cu,2.2329,9.326875
2026-08-04 10:09:05,slakshna1lp2cvw88n7ev4yzzkn89d3wppttsrea2haj0cu,20,0.0,0.0,90.0
2026-08-04 10:09:09,slakshna1dj4vu526zv73txtdxd95vzgeamvqqtp7rvap5u,2.2329,9.326875
2026-08-04 10:09:12,slakshna1dj4vu526zv73txtdxd95vzgeamvqqtp7rvap5u,23,0.0,0.0,90.0
2026-08-04 10:09:15,slakshna1jh2rquwvvltfvl3073rff8aqn3rajaqzwulnes,2.2329,9.326875
2026-08-04 10:09:18,slakshna1jh2rquwvvltfvl3073rff8aqn3rajaqzwulnes,22,0.0,0.0,90.0
2026-08-04 10:11:13,slakshna1dj4vu526zv73txtdxd95vzgeamvqqtp7rvap5u,2.2299,9.298936
2026-08-04 10:11:14,slakshna1lp2cvw88n7ev4yzzkn89d3wppttsrea2haj0cu,2.2299,9.298936
2026-08-04 10:11:14,slakshna1jh2rquwvvltfvl3073rff8aqn3rajaqzwulnes,2.2299,9.298936
2026-08-04 10:11:17,slakshna1dj4vu526zv73txtdxd95vzgeamvqqtp7rvap5u,24,0.0,0.0,90.0
2026-08-04 10:11:17,slakshna1lp2cvw88n7ev4yzzkn89d3wppttsrea2haj0cu,21,0.0,0.0,90.0
2026-08-04 10:11:18,slakshna1jh2rquwvvltfvl3073rff8aqn3rajaqzwulnes,23,0.0,0.0,90.0
2026-08-04 10:13:09,slakshna1dj4vu526zv73txtdxd95vzgeamvqqtp7rvap5u,2.2126,9.139448
2026-08-04 10:13:11,slakshna1lp2cvw88n7ev4yzzkn89d3wppttsrea2haj0cu,2.2126,9.139448
2026-08-04 10:13:12,slakshna1dj4vu526zv73txtdxd95vzgeamvqqtp7rvap5u,25,0.0,0.0,90.0
2026-08-04 10:13:13,slakshna1jh2rquwvvltfvl3073rff8aqn3rajaqzwulnes,2.2126,9.139448
2026-08-04 10:13:15,slakshna1lp2cvw88n7ev4yzzkn89d3wppttsrea2haj0cu,22,0.0,0.0,90.0
2026-08-04 10:13:17,slakshna1jh2rquwvvltfvl3073rff8aqn3rajaqzwulnes,24,0.0,0.0,90.0
2026-08-04 10:15:01,slakshna1lp2cvw88n7ev4yzzkn89d3wppttsrea2haj0cu,2.2094,9.110249
2026-08-04 10:15:05,slakshna1lp2cvw88n7ev4yzzkn89d3wppttsrea2haj0cu,23,0.0,0.0,90.0
2026-08-04 10:15:08,slakshna1dj4vu526zv73txtdxd95vzgeamvqqtp7rvap5u,2.2094,9.110249
2026-08-04 10:15:12,slakshna1dj4vu526zv73txtdxd95vzgeamvqqtp7rvap5u,26,0.0,0.0,90.0
2026-08-04 10:15:14,slakshna1jh2rquwvvltfvl3073rff8aqn3rajaqzwulnes,2.2094,9.110249
2026-08-04 10:15:18,slakshna1jh2rquwvvltfvl3073rff8aqn3rajaqzwulnes,25,0.0,0.0,90.0
2026-08-04 10:17:04,slakshna1lp2cvw88n7ev4yzzkn89d3wppttsrea2haj0cu,2.2057,9.076603
2026-08-04 10:17:08,slakshna1lp2cvw88n7ev4yzzkn89d3wppttsrea2haj0cu,24,0.0,0.0,90.0
2026-08-04 10:17:08,slakshna1dj4vu526zv73txtdxd95vzgeamvqqtp7rvap5u,2.2057,9.076603
2026-08-04 10:17:12,slakshna1dj4vu526zv73txtdxd95vzgeamvqqtp7rvap5u,27,0.0,0.0,90.0
2026-08-04 10:17:16,slakshna1jh2rquwvvltfvl3073rff8aqn3rajaqzwulnes,2.2057,9.076603
2026-08-04 10:17:20,slakshna1jh2rquwvvltfvl3073rff8aqn3rajaqzwulnes,26,0.0,0.0,90.0
2026-08-04 10:19:04,slakshna1lp2cvw88n7ev4yzzkn89d3wppttsrea2haj0cu,2.2038,9.059374
2026-08-04 10:19:08,slakshna1lp2cvw88n7ev4yzzkn89d3wppttsrea2haj0cu,25,0.0,0.0,90.0
2026-08-04 10:19:09,slakshna1dj4vu526zv73txtdxd95vzgeamvqqtp7rvap5u,2.2038,9.059374
2026-08-04 10:19:13,slakshna1jh2rquwvvltfvl3073rff8aqn3rajaqzwulnes,2.2038,9.059374
2026-08-04 10:19:13,slakshna1dj4vu526zv73txtdxd95vzgeamvqqtp7rvap5u,28,0.0,0.0,90.0
2026-08-04 10:19:16,slakshna1jh2rquwvvltfvl3073rff8aqn3rajaqzwulnes,27,0.0,0.0,90.0
2026-08-04 10:21:07,slakshna1lp2cvw88n7ev4yzzkn89d3wppttsrea2haj0cu,2.2017,9.040369
2026-08-04 10:21:10,slakshna1dj4vu526zv73txtdxd95vzgeamvqqtp7rvap5u,2.2017,9.040369
2026-08-04 10:21:10,slakshna1lp2cvw88n7ev4yzzkn89d3wppttsrea2haj0cu,26,0.0,0.0,90.0
2026-08-04 10:21:13,slakshna1dj4vu526zv73txtdxd95vzgeamvqqtp7rvap5u,29,0.0,0.0,90.0
2026-08-04 10:21:16,slakshna1jh2rquwvvltfvl3073rff8aqn3rajaqzwulnes,2.2017,9.040369
2026-08-04 10:21:19,slakshna1jh2rquwvvltfvl3073rff8aqn3rajaqzwulnes,28,0.0,0.0,90.0
2026-08-04 10:23:11,slakshna1dj4vu526zv73txtdxd95vzgeamvqqtp7rvap5u,2.4739,11.868644
2026-08-04 10:23:13,slakshna1lp2cvw88n7ev4yzzkn89d3wppttsrea2haj0cu,2.4739,11.868644
2026-08-04 10:23:14,slakshna1jh2rquwvvltfvl3073rff8aqn3rajaqzwulnes,2.4739,11.868644
2026-08-04 10:23:14,slakshna1dj4vu526zv73txtdxd95vzgeamvqqtp7rvap5u,30,0.0,0.0,90.0
2026-08-04 10:23:16,slakshna1lp2cvw88n7ev4yzzkn89d3wppttsrea2haj0cu,27,0.0,0.0,90.0
2026-08-04 10:23:18,slakshna1jh2rquwvvltfvl3073rff8aqn3rajaqzwulnes,29,0.0,0.0,90.0
2026-08-04 10:25:07,slakshna1lp2cvw88n7ev4yzzkn89d3wppttsrea2haj0cu,2.383,10.837366
2026-08-04 10:25:07,slakshna1dj4vu526zv73txtdxd95vzgeamvqqtp7rvap5u,2.383,10.837366
2026-08-04 10:25:11,slakshna1lp2cvw88n7ev4yzzkn89d3wppttsrea2haj0cu,28,0.0,0.0,90.0
2026-08-04 10:25:11,slakshna1dj4vu526zv73txtdxd95vzgeamvqqtp7rvap5u,31,0.0,0.0,90.0
2026-08-04 10:27:05,slakshna1lp2cvw88n7ev4yzzkn89d3wppttsrea2haj0cu,2.2498,9.485838
2026-08-04 10:27:08,slakshna1lp2cvw88n7ev4yzzkn89d3wppttsrea2haj0cu,29,0.0,0.0,90.0
2026-08-04 10:27:09,slakshna1dj4vu526zv73txtdxd95vzgeamvqqtp7rvap5u,2.2498,9.485838
2026-08-04 10:27:12,slakshna1dj4vu526zv73txtdxd95vzgeamvqqtp7rvap5u,32,0.0,0.0,90.0
2026-08-04 10:29:01,slakshna1lp2cvw88n7ev4yzzkn89d3wppttsrea2haj0cu,1.9629,7.119945
2026-08-04 10:29:04,slakshna1lp2cvw88n7ev4yzzkn89d3wppttsrea2haj0cu,30,0.0,0.0,90.0
2026-08-04 10:29:08,slakshna1dj4vu526zv73txtdxd95vzgeamvqqtp7rvap5u,1.9629,7.119945
2026-08-04 10:29:11,slakshna1dj4vu526zv73txtdxd95vzgeamvqqtp7rvap5u,33,0.0,0.0,90.0
2026-08-04 10:31:05,slakshna1lp2cvw88n7ev4yzzkn89d3wppttsrea2haj0cu,2.1887,8.923605
2026-08-04 10:31:08,slakshna1lp2cvw88n7ev4yzzkn89d3wppttsrea2haj0cu,31,0.0,0.0,90.0
2026-08-04 10:31:09,slakshna1dj4vu526zv73txtdxd95vzgeamvqqtp7rvap5u,2.1887,8.923605
2026-08-04 10:31:13,slakshna1dj4vu526zv73txtdxd95vzgeamvqqtp7rvap5u,34,0.0,0.0,90.0
2026-08-04 10:33:03,slakshna1lp2cvw88n7ev4yzzkn89d3wppttsrea2haj0cu,2.1875,8.912903
2026-08-04 10:33:06,slakshna1dj4vu526zv73txtdxd95vzgeamvqqtp7rvap5u,2.1875,8.912903
2026-08-04 10:33:07,slakshna1lp2cvw88n7ev4yzzkn89d3wppttsrea2haj0cu,32,0.0,0.0,90.0
2026-08-04 10:33:10,slakshna1dj4vu526zv73txtdxd95vzgeamvqqtp7rvap5u,35,0.0,0.0,90.0
2026-08-04 10:35:06,slakshna1lp2cvw88n7ev4yzzkn89d3wppttsrea2haj0cu,2.1858,8.897764
2026-08-04 10:35:08,slakshna1dj4vu526zv73txtdxd95vzgeamvqqtp7rvap5u,2.1858,8.897764
2026-08-04 10:35:09,slakshna1lp2cvw88n7ev4yzzkn89d3wppttsrea2haj0cu,33,0.0,0.0,90.0
2026-08-04 10:35:11,slakshna1dj4vu526zv73txtdxd95vzgeamvqqtp7rvap5u,36,0.0,0.0,90.0
2026-08-04 10:37:03,slakshna1dj4vu526zv73txtdxd95vzgeamvqqtp7rvap5u,2.3741,10.741342
2026-08-04 10:37:06,slakshna1lp2cvw88n7ev4yzzkn89d3wppttsrea2haj0cu,2.3741,10.741342
2026-08-04 10:37:07,slakshna1dj4vu526zv73txtdxd95vzgeamvqqtp7rvap5u,37,0.0,0.0,90.0
2026-08-04 10:37:09,slakshna1lp2cvw88n7ev4yzzkn89d3wppttsrea2haj0cu,34,0.0,0.0,90.0
2026-08-04 10:39:08,slakshna1dj4vu526zv73txtdxd95vzgeamvqqtp7rvap5u,2.373,10.729533
2026-08-04 10:39:08,slakshna1lp2cvw88n7ev4yzzkn89d3wppttsrea2haj0cu,2.373,10.729533
2026-08-04 10:39:11,slakshna1dj4vu526zv73txtdxd95vzgeamvqqtp7rvap5u,38,0.0,0.0,90.0
2026-08-04 10:39:11,slakshna1lp2cvw88n7ev4yzzkn89d3wppttsrea2haj0cu,35,0.0,0.0,90.0
2026-08-04 10:41:01,slakshna1lp2cvw88n7ev4yzzkn89d3wppttsrea2haj0cu,2.1804,8.849845
2026-08-04 10:41:04,slakshna1lp2cvw88n7ev4yzzkn89d3wppttsrea2haj0cu,36,0.0,0.0,90.0
2026-08-04 10:41:04,slakshna1dj4vu526zv73txtdxd95vzgeamvqqtp7rvap5u,2.1804,8.849845
2026-08-04 10:41:08,slakshna1dj4vu526zv73txtdxd95vzgeamvqqtp7rvap5u,39,0.0,0.0,90.0
